path,type,duration_seconds,license_status,commercial_allowed,title,mood,bpm,sha256
efeitos/fornecidos/chicken-on-tree-screaming.mp3,sfx,5.74,unverified,False,,,,419e073ebfbd286a614d8e70611a63d8120ed56a3ccad9fcd8430fc03d9289b8
efeitos/fornecidos/collectpin.mp3,sfx,1.49,unverified,False,,,,033aa31188b1d19a4f3921c2871ca18421beec98b9d64579c00aaf9cb09ed6c3
efeitos/fornecidos/correct (MAIN INTRO SOUND).mp3,sfx,1.3,unverified,False,,,,568a0664435bf3c0db427001150d328ddd45f182432b3721cd68c441fa929d97
efeitos/fornecidos/ding.mp3,sfx,2.98,unverified,False,,,,bf9c08a6b942f6c875b07e35de5ebbc3a009c7567a0e9d1a69ff79c0c79e9e81
efeitos/fornecidos/error.mp3,sfx,1.02,unverified,False,,,,e5c633eda2370c0e08b4289dbf990d5aa180c00a4cc27de46d9d45b0df3795e8
efeitos/fornecidos/faaah.mp3,sfx,1.96,unverified,False,,,,c8b03ff0adacaf75b504b46e505f70af70a76d234cedaeb80eef9ee7ef6d909a
efeitos/fornecidos/fahhh-pump-sound.mp3,sfx,2.14,unverified,False,,,,4e0f38b165854cfa841d0affe3274a4d8f745069313e57204ce252300ea6ab6b
efeitos/fornecidos/family-feud-good-answer.mp3,sfx,0.91,unverified,False,,,,edf9350368a27e759d95ed098071ad53d40f56b1f4e69360a84672cd36bb9415
efeitos/fornecidos/im-fast-as-f-boi.mp3,sfx,6.61,unverified,False,,,,62d75ece86201999ff464fc69e55d470a6e3179cd33253d4072d63a911116e12
efeitos/fornecidos/lego-star-wars-minikit-collect-sound.mp3,sfx,1.18,unverified,False,,,,bf73e5a027ae2bd85805a32a15d4eb7565f245c550af382bb4f32a47066cd46c
efeitos/fornecidos/metal-pipe.mp3,sfx,3.21,unverified,False,,,,cf1568639d5c99f8d576138c92e5e39fc8e0835c62418a2032edce2b459e2223
efeitos/fornecidos/minecraft-villager.mp3,sfx,1.36,unverified,False,,,,36c5eabcab5c2439a863b129c046d3b9cefa275651cc378913fd01840a662c7e
efeitos/fornecidos/punch-gaming-sound.mp3,sfx,1.57,unverified,False,,,,ac37eec2d00a9be2613c0ec1bf334775cc6df286b555e1ff4074d448b9b4260c
efeitos/fornecidos/running-sound.mp3,sfx,2.14,unverified,False,,,,44f539b9b7316659b258a3a53297298cc9fb08937c0427c570968cd8ad1a6790
efeitos/fornecidos/vine-boom.mp3,sfx,1.28,unverified,False,,,,873bdb2b2a00cd9012e548af8ce63085dba3d1c0c07d7438b568c004d21bf763
efeitos/fornecidos/weeeeeeeeee.mp3,sfx,7.29,unverified,False,,,,06ca3659bb7b1f9bdcea80650982908ce143a7f82922d72278daf23973373670
efeitos/capcut-convertidos/eem mp3-1.mp3,sfx,0.48,unverified,False,,,,1bbd9c422a75f934d9b2cb907e82f962cc8cab6df6266e3436deb69918c67799
efeitos/capcut-convertidos/eem mp3-10.mp3,sfx,0.24,unverified,False,,,,a3b7cd8c407d19cebc536eb4cd0f2dd1784eae8768e3c264b3ae279875e767a7
efeitos/capcut-convertidos/eem mp3-11.mp3,sfx,0.38,unverified,False,,,,d8fb78cc8a53ed7a4c51aa42f621e7c0aaf8f72157b98464ec8f99f71ce83189
efeitos/capcut-convertidos/eem mp3-12.mp3,sfx,0.24,unverified,False,,,,2424a302ac60e6c18d9817733e2572f269ea7ea097eb3eb17b2c4b7c8f55779b
efeitos/capcut-convertidos/eem mp3-13.mp3,sfx,0.62,unverified,False,,,,dc685fa9a9d350bf31dff51e8070e58a996c7b95bc2be76b1fe49b62f183304e
efeitos/capcut-convertidos/eem mp3-14.mp3,sfx,0.24,unverified,False,,,,a3b7cd8c407d19cebc536eb4cd0f2dd1784eae8768e3c264b3ae279875e767a7
efeitos/capcut-convertidos/eem mp3-15.mp3,sfx,0.55,unverified,False,,,,43d57d4c6f7a6cb48732c6aef1eaa367c199d445792f15bd62968fdf1602b85c
efeitos/capcut-convertidos/eem mp3-16.mp3,sfx,0.41,unverified,False,,,,ea4a132ea7492fa5b10b5692e18a79cb21815bc42dc49fd06d479bfa64b84f2a
efeitos/capcut-convertidos/eem mp3-17.mp3,sfx,2.98,unverified,False,,,,9006fdfbf7868d9ae30b96da2d5d1a298e8cce30e7704d60ad5c4574c2234e96
efeitos/capcut-convertidos/eem mp3-18.mp3,sfx,0.22,unverified,False,,,,dda420a7f235d034f79f5ff96f34591c7eed60336c2b5c03fc56734b1cd283c0
efeitos/capcut-convertidos/eem mp3-19.mp3,sfx,0.22,unverified,False,,,,5791a515ce30855901ec124e445c864ddbae3cef904e3b2c2c33a4df98e9144d
efeitos/capcut-convertidos/eem mp3-2.mp3,sfx,0.34,unverified,False,,,,80f75dde1b92a6da38e3993d4a70b267d4264711c32897e4e90c836c1c62cabe
efeitos/capcut-convertidos/eem mp3-20.mp3,sfx,0.14,unverified,False,,,,eb6b38ab0dda676938c16031be30295ae6f45933ab3402025025a15bcd6e3d8e
efeitos/capcut-convertidos/eem mp3-21.mp3,sfx,0.91,unverified,False,,,,ba5ea0ade85bef5a31faee16ac4ccc38b621ae0218eb1b10ed96b3b2687fbbcd
efeitos/capcut-convertidos/eem mp3-22.mp3,sfx,1.01,unverified,False,,,,20e9cd6c5b35bc6306b58eb28a8d4dc20aedac41c8abfe11cd9cb6f8b21ea6aa
efeitos/capcut-convertidos/eem mp3-23.mp3,sfx,1.54,unverified,False,,,,0519199ce3184bc933e4fe93784d43f8fbb1d96bae355514a96391b4f3c842c3
efeitos/capcut-convertidos/eem mp3-24.mp3,sfx,0.22,unverified,False,,,,25fbc6a48ec4e3ab205fa475b2479b4e857b889bf9c28991eb297808bb07177e
efeitos/capcut-convertidos/eem mp3-25.mp3,sfx,0.41,unverified,False,,,,a634f23fc0fcb63479fcf0a584af6dd3df93a59ac848142f113e535f8f4ce494
efeitos/capcut-convertidos/eem mp3-26.mp3,sfx,0.22,unverified,False,,,,61a452849103742d95ea5d9d13dc95b9ac172e438416e5ed0e26412bd520f7a1
efeitos/capcut-convertidos/eem mp3-27.mp3,sfx,0.41,unverified,False,,,,a634f23fc0fcb63479fcf0a584af6dd3df93a59ac848142f113e535f8f4ce494
efeitos/capcut-convertidos/eem mp3-28.mp3,sfx,0.22,unverified,False,,,,61a452849103742d95ea5d9d13dc95b9ac172e438416e5ed0e26412bd520f7a1
efeitos/capcut-convertidos/eem mp3-29.mp3,sfx,1.06,unverified,False,,,,d0e1a0628420a731e18ab1270471a9646bf5b7cff8ad263d3475b0a35cebbe95
efeitos/capcut-convertidos/eem mp3-3.mp3,sfx,0.58,unverified,False,,,,2aec1981a4c8019ae93e5a76a180cd910f696e24ba2878371c8126df1502c228
efeitos/capcut-convertidos/eem mp3-30.mp3,sfx,0.41,unverified,False,,,,a634f23fc0fcb63479fcf0a584af6dd3df93a59ac848142f113e535f8f4ce494
efeitos/capcut-convertidos/eem mp3-31.mp3,sfx,0.41,unverified,False,,,,30ecb47b402fc1cf1bccf177d2c322b052183884bf459fe9460e361661358c06
efeitos/capcut-convertidos/eem mp3-32.mp3,sfx,3.89,unverified,False,,,,8e90f5f9f89ee4da66f3735b294d90d9a0232bcc811a2dde0afa739851b5f5e4
efeitos/capcut-convertidos/eem mp3-33.mp3,sfx,4.68,unverified,False,,,,2bfcdfbdd5c9cbe80cbfe57bdc64e79c536cd3e1f629aa71668fd6174e2d3cdf
efeitos/capcut-convertidos/eem mp3-34.mp3,sfx,2.69,unverified,False,,,,48b66b1090173d20d169faa2e7a24f59f6ec7acecc35af8272af7b34b153f0f4
efeitos/capcut-convertidos/eem mp3-35.mp3,sfx,3.14,unverified,False,,,,5e3eb8f8e0aaf4d880f88273e12e763e105bbc8ad91ad869fa31beb8ec1e242b
efeitos/capcut-convertidos/eem mp3-36.mp3,sfx,1.01,unverified,False,,,,ac7c1e4c1ffb18512bb762dc4ac90ea55030b64e2689f04a61b8fc0ec23b41d7
efeitos/capcut-convertidos/eem mp3-37.mp3,sfx,5.69,unverified,False,,,,0981fbe1a5b26bad7a5991f064f2221b3ef3b27c3a6b482e6f718a0238efd084
efeitos/capcut-convertidos/eem mp3-38.mp3,sfx,4.66,unverified,False,,,,70ec7b5b32cb131602d02114eafac59918ada5e596a367d04ab3c57a986754ba
efeitos/capcut-convertidos/eem mp3-39.mp3,sfx,2.35,unverified,False,,,,d8cf5d78de83b6dddcc3ad7e2df6a5ffdaea2061aa46a122516d88114ebc0806
efeitos/capcut-convertidos/eem mp3-4.mp3,sfx,0.41,unverified,False,,,,a7ac8675adb4d96df48efb0773dcae83044ca6daa9331cb4f856dacc3758f26f
efeitos/capcut-convertidos/eem mp3-40.mp3,sfx,5.04,unverified,False,,,,b98ebb7b7042649490bb19336133fdad3ac6d21b2c97717b52805265a1fb91c4
efeitos/capcut-convertidos/eem mp3-41.mp3,sfx,2.59,unverified,False,,,,29ad9c26a032df877211eb7d1b761c7565a07587388259249d244caa8668176e
efeitos/capcut-convertidos/eem mp3-42.mp3,sfx,2.09,unverified,False,,,,f9904bb400423793cd46c1e83df5fa62dee3c6fde97bf7c6910645a75000c67f
efeitos/capcut-convertidos/eem mp3-43.mp3,sfx,6.5,unverified,False,,,,be8730095577a2e67b5ccfb5a4ca33bfb9afda9a3e685369ad3743ae6036e79d
efeitos/capcut-convertidos/eem mp3-44.mp3,sfx,3.12,unverified,False,,,,c70c5dcd6f807dc95bd1de89fb22ec72dcb3d49fc9a777d58860101f9c9d188f
efeitos/capcut-convertidos/eem mp3-45.mp3,sfx,1.92,unverified,False,,,,f47aad105cb1b0ca94c3ed407bf0b46296cda6cc6b67baa0504945ec14ad3f3a
efeitos/capcut-convertidos/eem mp3-46.mp3,sfx,2.9,unverified,False,,,,e749e71c0597cecf55c0f5cfcb6eb7298dcbb9059967369cfbece9f62fa3bb26
efeitos/capcut-convertidos/eem mp3-47.mp3,sfx,1.75,unverified,False,,,,250b5855242a380ec7d126c29e83ead0167c95897bdf83616621bce096beb2d0
efeitos/capcut-convertidos/eem mp3-48.mp3,sfx,2.16,unverified,False,,,,f1d29a5102210c41b49f8b055e0cc1fb39e8f2f3efdefdfba4b6c09211c6b9c2
efeitos/capcut-convertidos/eem mp3-49.mp3,sfx,3.05,unverified,False,,,,f97deb907ad2840fb4909f21772ba5961b9983dc5a00e5514465340891b538a6
efeitos/capcut-convertidos/eem mp3-5.mp3,sfx,0.7,unverified,False,,,,df76958aeac5a103267388fa8cfae703b4a9bd080cb74eb5d68dd25d14f7b427
efeitos/capcut-convertidos/eem mp3-50.mp3,sfx,2.35,unverified,False,,,,64fd3174aa7fbb7979750f984b7306a10ee0bafd33fb638f67eb3aad041a28ea
efeitos/capcut-convertidos/eem mp3-51.mp3,sfx,1.1,unverified,False,,,,e64a78d2996cc2e0bfc42836672a7c3cd2043d740d52be8354e4695cf1de993a
efeitos/capcut-convertidos/eem mp3-52.mp3,sfx,2.78,unverified,False,,,,86a86aee7214ed882d9d8120e94796fe315afe6872546ad9224ef5652982991b
efeitos/capcut-convertidos/eem mp3-53.mp3,sfx,4.97,unverified,False,,,,c4338b4509c1dd3e5aeadc849d9e07b587f2c5edd0de32c89a57ecea7e9b574a
efeitos/capcut-convertidos/eem mp3-54.mp3,sfx,6.65,unverified,False,,,,a40929993fe2eea2104b1fe7a9871ebbddd8319b4fae0289c8727e26d0ebcd62
efeitos/capcut-convertidos/eem mp3-55.mp3,sfx,1.85,unverified,False,,,,59c19dd5678c60ed5d39d6c7d9167f9f4be56ff907d7b47efaee148c7df80cbe
efeitos/capcut-convertidos/eem mp3-56.mp3,sfx,2.14,unverified,False,,,,161943a88d7d00c367d313495f08a8bd2c479540182f9c27d5b41ad8bf908e31
efeitos/capcut-convertidos/eem mp3-57.mp3,sfx,1.51,unverified,False,,,,850fe33179cd8ce020ba81bb91205108f7c4784016a3e5282feecda6bd2e06d8
efeitos/capcut-convertidos/eem mp3-58.mp3,sfx,3.0,unverified,False,,,,2770d86ebe504062bcd550cbf7ca9a96baeeaadf93b30730ced7738cb10f241e
efeitos/capcut-convertidos/eem mp3-59.mp3,sfx,16.1,unverified,False,,,,84190c9ebc569d62a3c25392331dfaf6adf7ac944724f272fa54494c1346542e
efeitos/capcut-convertidos/eem mp3-6.mp3,sfx,0.31,unverified,False,,,,6ee65608e3f1a0ae0e4260f7b05ac587d22c0df316f934a562a39ca3c98f2c30
efeitos/capcut-convertidos/eem mp3-60.mp3,sfx,1.78,unverified,False,,,,91664f91c888b3b7082bc0fde0b2ce114587e87a5332e3c385578fbc38d9b4fd
efeitos/capcut-convertidos/eem mp3-61.mp3,sfx,2.52,unverified,False,,,,3ac51feb0984d4e594d654dc0ecea5526ad8136465377d70879ff0aeb9d171d5
efeitos/capcut-convertidos/eem mp3-62.mp3,sfx,1.1,unverified,False,,,,66358ace49d80448edce3271820bad10f298af2d7d5c806b9465794140ae051f
efeitos/capcut-convertidos/eem mp3-63.mp3,sfx,3.22,unverified,False,,,,2aa85f08e754ad6a7c8640db352b750e143276315cd0e09fa2d1f0c69296e3a3
efeitos/capcut-convertidos/eem mp3-64.mp3,sfx,2.4,unverified,False,,,,94aeb5720c50e96bde9da0ed36ed78eba054dcae9510094ef61ca190a705321f
efeitos/capcut-convertidos/eem mp3-65.mp3,sfx,2.9,unverified,False,,,,ea59eb739d95a39d07b7b2525f8cc54b143fe9ec6a497d75ed9da8a688470be3
efeitos/capcut-convertidos/eem mp3-66.mp3,sfx,1.7,unverified,False,,,,7d8932335aa23c6a5049cc44ce18445e1966ba9efc38f1d352a43edb4578c4c3
efeitos/capcut-convertidos/eem mp3-67.mp3,sfx,1.61,unverified,False,,,,5662d38125939e2c2e9dc9a56efb8ff997d0fe17578ad5512e2552bb32480d07
efeitos/capcut-convertidos/eem mp3-68.mp3,sfx,2.09,unverified,False,,,,0207ee68c9d1880a5019fb82a7514918c7075f786c1027c0c5ad12747d9c55e7
efeitos/capcut-convertidos/eem mp3-69.mp3,sfx,3.6,unverified,False,,,,2548b789b0c426d5e164d0aca4bf93cf6f30cd20a3ca7d03d19b54fa7b2a5c17
efeitos/capcut-convertidos/eem mp3-7.mp3,sfx,0.22,unverified,False,,,,55e41d4551778afd0f0613a01a5ca6c213fa5fde37c496a5902ada802ead743b
efeitos/capcut-convertidos/eem mp3-8.mp3,sfx,1.08,unverified,False,,,,65ca83dd1c05c6cb1bc25309a10d0c281f9c2d0f1066ad78fe92691c3c19532a
efeitos/capcut-convertidos/eem mp3-9.mp3,sfx,1.08,unverified,False,,,,67cf54e7068c8e6fb166a4b240084ade63392d6adfbad0fb62e3fa11ecba186b
efeitos/originais-livres/ding-original.mp3,sfx,0.74,original-generated,True,,,,4edadd77d347e84ad53c05f612bfe29f2ca665d805d9b0a825d8dfce954ca81d
efeitos/originais-livres/sucesso-original.mp3,sfx,0.84,original-generated,True,,,,a1e097c0e15c22af01780cad3b2350a2d1048c8fa3af19671b659b76cfb8a7cf
efeitos/originais-livres/erro-original.mp3,sfx,0.43,original-generated,True,,,,2fb60d3a9f119375bad1e388247d19060a6dc36c4ecf2650117b6ff27dd01b08
efeitos/originais-livres/whoosh-original.mp3,sfx,0.38,original-generated,True,,,,0be59a280194ee11c29afcc57e9e533fcdb4ffda293095bb8638703a1db48ff3
efeitos/originais-livres/impacto-original.mp3,sfx,0.62,original-generated,True,,,,fe71285929941c986bc533a98ae27b640149bc095f1d1eb18b0c546cf5a2d557
efeitos/originais-livres/boing-original.mp3,sfx,0.79,original-generated,True,,,,8f62b0e2d3c64fc9655bee519125abc6c8c0409c8594f38aff23c202ea615c35
musicas/longos/monkeys-spinning-monkeys.mp3,music,125.07,verified-author-site,True,Monkeys Spinning Monkeys,humor-leve,144,a5bb345c23849ad0786aa0bc5157a9f2d4039660fe00282e55754d475f36dc14
musicas/curtos/monkeys-spinning-monkeys-short.mp3,music,48.04,verified-author-site,True,Monkeys Spinning Monkeys,humor-leve,144,bec6f504d36b2fbbb22cfc04dd198561a36f17fcaba72d1a0a9d89cf0237bf7f
musicas/longos/sneaky-snitch.mp3,music,136.62,verified-author-site,True,Sneaky Snitch,travessura,87,db1710333d68a215277f77e4e17e1a64bf4ed38f87c70f8d0f56b16b6aa4f884
musicas/curtos/sneaky-snitch-short.mp3,music,48.04,verified-author-site,True,Sneaky Snitch,travessura,87,93d33d4bd462e992f364e9f46b56cd926c320af5a40eed52e2762618001a2842
musicas/longos/fluffing-a-duck.mp3,music,67.37,verified-author-site,True,Fluffing a Duck,comedia,122,cb23b1833c35e391de10d998d6a40cfc760565ce31d23014c86025523ca8239b
musicas/curtos/fluffing-a-duck-short.mp3,music,48.02,verified-author-site,True,Fluffing a Duck,comedia,122,284e17c482bad608b5a75b0a42f78d024dadc80f513521208dead004b8d1f5c7
musicas/longos/carefree.mp3,music,205.14,verified-author-site,True,Carefree,alegre-exploracao,96,8433b770a630d9b1594fd484442c677907ece899a4d149954cd2e74fd733e311
musicas/curtos/carefree-short.mp3,music,48.04,verified-author-site,True,Carefree,alegre-exploracao,96,f9b5c8a112e5c93ba3097b5e2b4c2cf4f9a6c029318e27eb6bdd4d5e607bba09
musicas/longos/pixelland.mp3,music,233.8,verified-author-site,True,Pixelland,arcade-corrida,230,889fd6f06fd077689d512d4169a0efc4a61b717af73ac64ecca361eb5a4c4b7d
musicas/curtos/pixelland-short.mp3,music,48.04,verified-author-site,True,Pixelland,arcade-corrida,230,92b364af8a560b5442850a0447d2acd305b1bb1d3d56f8d5d28f46ec7848a148
musicas/longos/local-forecast-elevator.mp3,music,189.2,verified-author-site,True,Local Forecast - Elevator,espera-comica,82,8c46b44e65324bc339fbbc3e770611d671f6c74a40f3ec8dd50332c082b25cc9
musicas/curtos/local-forecast-elevator-short.mp3,music,48.04,verified-author-site,True,Local Forecast - Elevator,espera-comica,82,46889041f7bb4be8be7b3e948afdd3a0ec4835ef6897e9f46f57725f7c9aa54f
musicas/longos/scheming-weasel-faster-version.mp3,music,89.13,verified-author-site,True,Scheming Weasel (faster version),travessura-rapida,168,f2f20d0737560a2dec0d82119810757326b1eec7eae211f2d3e056e9754834a9
musicas/curtos/scheming-weasel-faster-version-short.mp3,music,48.04,verified-author-site,True,Scheming Weasel (faster version),travessura-rapida,168,03e137ff94547439ffdaf3286acee764d614142f3a478d07482748d4d720def3
musicas/longos/investigations.mp3,music,93.54,verified-author-site,True,Investigations,misterio-leve,94,699f7a3cd227dfe5c1e88099b45af57202bfe9d56f86b8b43e4252b65dd96768
musicas/curtos/investigations-short.mp3,music,48.04,verified-author-site,True,Investigations,misterio-leve,94,7a68d2e610a46e698b53a1d7f7aa29333e50ba78a98ec2ebd0aa1ac307f9f85e
musicas/longos/jaunty-gumption.mp3,music,118.41,verified-author-site,True,Jaunty Gumption,aventura-alegre,146,844b9d89e1a48d51f04ce495db1ba743ee6c36856d0e39d43db393609bcb7aac
musicas/curtos/jaunty-gumption-short.mp3,music,48.04,verified-author-site,True,Jaunty Gumption,aventura-alegre,146,6242afb64e7c92ab598d382a863e08a22eaab5cd59fda18b0234db44281c4b61
musicas/longos/happy-boy-theme.mp3,music,37.36,verified-author-site,True,Happy Boy Theme,vitoria-comica,142,33070b10de98ec3a1a9d4917b603a81ffc7aeed576cad9586e325cc74a5b05ec
musicas/curtos/happy-boy-theme-short.mp3,music,37.2,verified-author-site,True,Happy Boy Theme,vitoria-comica,142,8d440f22ce0b534fa24979003d1138d27a9d22681adbd7c1ebe36562a4ff5ea4
musicas/longos/hyperfun.mp3,music,233.33,verified-author-site,True,Hyperfun,corrida-comica,200,ac3dcc688f183717cf3001a3250c2625ccaa2e97676aa9ab5cb3a8583b8611e1
musicas/curtos/hyperfun-short.mp3,music,48.04,verified-author-site,True,Hyperfun,corrida-comica,200,af02a732da22be07fa8036afefbda8017564a3830af7d4672d4bf9ed1f0f1f61
musicas/longos/wallpaper.mp3,music,220.06,verified-author-site,True,Wallpaper,fundo-calmo,92,9fa810e5193c88f1b360537366f210f16c2588106d5292f0659e9957fa274f96
musicas/curtos/wallpaper-short.mp3,music,48.04,verified-author-site,True,Wallpaper,fundo-calmo,92,2cf7a83724f7fd219d28d5fba17937fefe6a6d3ad4ebd02328ee649e684a737d
musicas/longos/sunshine.mp3,music,201.87,verified-author-site,True,Sunshine,fundo-calmo,88,f1dda20ed1577c034644bf50209e7f216eb1ebb9cf4399fa4d34ebad2f8b935e
musicas/curtos/sunshine-short.mp3,music,48.04,verified-author-site,True,Sunshine,fundo-calmo,88,48a436ecad32b93525a6595bfb349e98466353b5cf4304a8cc59616fe478bd84
musicas/longos/happy-alley.mp3,music,80.25,verified-author-site,True,Happy Alley,aventura-alegre,112,f598c8ee624f1db9a2cd38886524a40baff4ce730dcf999c0763791268fa8265
musicas/curtos/happy-alley-short.mp3,music,48.04,verified-author-site,True,Happy Alley,aventura-alegre,112,363d30c808fe00dc054099cb5d9c99d5a454d22291af95899ca75f6fadeb0c5f
musicas/longos/merry-go.mp3,music,120.42,verified-author-site,True,Merry Go,comedia,132,c592ca0a9e2312280ea54070831a216c58ab7242890c0742eb95be5365b6e307
musicas/curtos/merry-go-short.mp3,music,48.04,verified-author-site,True,Merry Go,comedia,132,366c59a52e8940c108a5bf880d2d01f5682ca9458c825d9ebf0bd1e477391d4a
musicas/longos/life-of-riley.mp3,music,235.36,verified-author-site,True,Life of Riley,alegre-exploracao,102,1916f05cd1860949f9241e17966d334c39852b531329e4a05802720bb154c564
musicas/curtos/life-of-riley-short.mp3,music,48.04,verified-author-site,True,Life of Riley,alegre-exploracao,102,1d956d9f1f7114383c0db41e603e6da5975ff7c942fa17f2ba13db09c8b60796
musicas/longos/maccary-bay.mp3,music,240.07,verified-author-site,True,Maccary Bay,fundo-calmo,80,a9370ec56a66baf4af23f8998b673a1e8dcfa7ca5b67f3d74b4ff6ed5e96af99
musicas/curtos/maccary-bay-short.mp3,music,48.04,verified-author-site,True,Maccary Bay,fundo-calmo,80,9de041656f7ce0843b3b47ff4049f574c37238bec8c9ee639154d7e023551bf1
musicas/longos/fretless.mp3,music,336.07,verified-author-site,True,Fretless,alegre-exploracao,100,e3e640d27169941829ca5b63e3f65412e9c3829d991925be3abae3fc9b6664db
musicas/curtos/fretless-short.mp3,music,48.04,verified-author-site,True,Fretless,alegre-exploracao,100,5893d36790d0ee06a8ea89a4b5e752a5ee3dba4a4eeec4b0023265a45a6bcf9d
musicas/longos/cipher.mp3,music,231.26,verified-author-site,True,Cipher,aventura-energia,150,d3d0614535a61d748e2fd8d5117fc4d781022a7624794802a2462d8af3fdd522
musicas/curtos/cipher-short.mp3,music,48.04,verified-author-site,True,Cipher,aventura-energia,150,f6d39f1e85257d459b4bc20ea85c3e00608e95f046a296a484f38b0e09cb065f
musicas/longos/itty-bitty-8-bit.mp3,music,193.82,verified-author-site,True,Itty Bitty 8 Bit,arcade-corrida,108,abae7e4d020499466e3840643385c8ec608ba7bb8b62b16e1d9d7bda5e622416
musicas/curtos/itty-bitty-8-bit-short.mp3,music,48.02,verified-author-site,True,Itty Bitty 8 Bit,arcade-corrida,108,20a9bd083638534da97b30dbbd94822e97c451f902ae5596ab8b7590ba2d820d
musicas/longos/bit-quest.mp3,music,192.05,verified-author-site,True,Bit Quest,arcade-aventura,100,6467ae09a7ed2e95e021031d230cfc71175b9081845d2778c2c0240feb8f3c94
musicas/curtos/bit-quest-short.mp3,music,48.04,verified-author-site,True,Bit Quest,arcade-aventura,100,3afed596beeadaac24c123914bc1768c20de4b286cdc03c223e566af7424cefd
musicas/longos/move-forward.mp3,music,69.25,verified-author-site,True,Move Forward,vitoria-comica,111,6403c88035499302aced0a9e7bba0f668665434bc4d4b923923beb9f588afafa
musicas/curtos/move-forward-short.mp3,music,48.04,verified-author-site,True,Move Forward,vitoria-comica,111,d37e83a97a283e4c6871d495672da3067f4ae2c59c96e3de557e0e5b02022f48
musicas/longos/sneaky-adventure.mp3,music,73.4,verified-author-site,True,Sneaky Adventure,misterio-leve,107,8514529e33cc05ee25a1ccddbe83cea8afea91e8b8e1261eaa4b85438bf6475e
musicas/curtos/sneaky-adventure-short.mp3,music,48.04,verified-author-site,True,Sneaky Adventure,misterio-leve,107,aa399300a84392b00fae44b7180b891a2f4cd2ca58cbd073ac30d451f910dbde
musicas/longos/the-builder.mp3,music,117.63,verified-author-site,True,The Builder,travessura,123,e77d43a14ddf81c675d7171833ee3196a8bf8f7717039af6d48cc4f849b60577
musicas/curtos/the-builder-short.mp3,music,48.04,verified-author-site,True,The Builder,travessura,123,bef71e2a09459f06ce6ec2649c840e2eac1552787d0a5e292e0c94c35e9a8bc7
musicas/longos/amazing-plan.mp3,music,87.04,verified-author-site,True,Amazing Plan,travessura,129,76c8b73bd16b7c0437fcaf38b3503149426b3638b8b0fb6e731b330478ffe77d
musicas/curtos/amazing-plan-short.mp3,music,48.04,verified-author-site,True,Amazing Plan,travessura,129,65affc4ce35d931a996e6c98c970cfd975cae8fbc57fb0027733e1ad78c6a1fd
musicas/longos/marty-gots-a-plan.mp3,music,168.07,verified-author-site,True,Marty Gots a Plan,misterio-leve,140,948e7a1253da8af51dc30b71b3c1c08deebaaf5454547367a23736d3df6a2667
musicas/curtos/marty-gots-a-plan-short.mp3,music,48.04,verified-author-site,True,Marty Gots a Plan,misterio-leve,140,5f3950d5552ec70f44833eaa5132149c8813e53baecaf125b1ff67cd04d82285
musicas/longos/quirky-dog.mp3,music,148.53,verified-author-site,True,Quirky Dog,comedia,155,ed221535043229a020f0d64e9b12952b298fc2ad8d7ca41c77911d916cdc94be
musicas/curtos/quirky-dog-short.mp3,music,48.04,verified-author-site,True,Quirky Dog,comedia,155,eb1265ea335c956ff48c240f4d4dcffaca591fe03399fde365be3e615441a329
musicas/longos/comic-hero.mp3,music,52.66,verified-author-site,True,Comic Hero,vitoria-comica,116,57f72cdf6dc48404893bf8dc0ad378e1cf4694192375e2b11b43c787284f46bb
musicas/curtos/comic-hero-short.mp3,music,48.04,verified-author-site,True,Comic Hero,vitoria-comica,116,034acf89c8669d4cdac23374e946b0f815bbd21a7688c0628c1732458385045f
musicas/longos/the-show-must-be-go.mp3,music,216.06,verified-author-site,True,The Show Must Be Go,comedia,110,2c9d78a555ea3f897a1529c819da442a9ea479b29704a3e5b8ed4a3ee3245cc5
musicas/curtos/the-show-must-be-go-short.mp3,music,48.04,verified-author-site,True,The Show Must Be Go,comedia,110,d1fa0b1a8bd92575afa334c2bc49702f53e78184f8abf325f40f1a6933665e79
musicas/longos/funkorama.mp3,music,201.46,verified-author-site,True,Funkorama,aventura-alegre,101,6be229815d85a0b99382b944d31098b882702c04ac7ad899e44ab7f8ba89b5ad
musicas/curtos/funkorama-short.mp3,music,48.04,verified-author-site,True,Funkorama,aventura-alegre,101,95f11682c314014766befed7529965048a30e191691b12842debd6d506d1f0be
musicas/longos/on-my-way.mp3,music,253.39,verified-author-site,True,On My Way,fundo-calmo,126,4e5c1789ecd9ee44fa05fb81f38bf7e240b5b86b3647fd46557497d192eca259
musicas/curtos/on-my-way-short.mp3,music,48.04,verified-author-site,True,On My Way,fundo-calmo,126,e763be37ac1af5f6fa9e0cefbb7e0d4853f58e885a01c62ef91dbabff0417691
musicas/longos/motivator.mp3,music,237.82,verified-author-site,True,Motivator,aventura-energia,126,f34e279c759a7bb0fdeb6cea0b5a4e6264d7677408fbb48ecf13f5c538d13478
musicas/curtos/motivator-short.mp3,music,48.04,verified-author-site,True,Motivator,aventura-energia,126,5366b2b5b07ece0362f7c78b88d0bb56e268987693fa36a1d65caf5e1d6910ce
musicas/longos/getting-it-done.mp3,music,209.84,verified-author-site,True,Getting it Done,aventura-alegre,135,bc74076ec1c263f6ac4634403d0acc1ccc5d2e79f2d083243e00d236b547c15b
musicas/curtos/getting-it-done-short.mp3,music,48.04,verified-author-site,True,Getting it Done,aventura-alegre,135,545cdae82f1e2a0c1cf35e4858a77930763686cb4182e50a3d9cc0e909c7280a
musicas/longos/happy-happy-game-show.mp3,music,158.67,verified-author-site,True,Happy Happy Game Show,comedia-rapida,230,640d808993c49165d9e7a88ff1925312220317b75ba847b74e664e9f01a87db6
musicas/curtos/happy-happy-game-show-short.mp3,music,48.04,verified-author-site,True,Happy Happy Game Show,comedia-rapida,230,65dd87d1968dffc68b3b163532ee243cf70267bd38ce409bcfce3945e268f4b9
musicas/longos/batty-mcfaddin.mp3,music,200.59,verified-author-site,True,Batty McFaddin,comedia-rapida,152,cd8dd3e8097c0a31aaa4a92c594f3eed3eaf4e08fbdad7beec2a2f3077db0259
musicas/curtos/batty-mcfaddin-short.mp3,music,48.04,verified-author-site,True,Batty McFaddin,comedia-rapida,152,9449c89fa117fb1ce89befe37f707f1c0bcb8a99d2e6ab29c364b772dba3136d
musicas/longos/the-cannery.mp3,music,182.02,verified-author-site,True,The Cannery,corrida-comica,178,d9169be3f95ad4564f03d925e0126c50279bf2da3b0b4287d90785567e31512d
musicas/curtos/the-cannery-short.mp3,music,48.04,verified-author-site,True,The Cannery,corrida-comica,178,34fe620fef4ffe3441141b66515b64f3f76f688d210282eef1418e4be9f99067
musicas/longos/fornecidas/7 Weeks & 3 Days.mp3,music,194.04,unverified,False,7 Weeks & 3 Days,review-audio,,6b97050a406de528d9fa5e7542b245a0b25c4f4baa081f69affe0c3fb6cff3f0
musicas/curtos/fornecidas/7-weeks-3-days-short.mp3,music,48.02,unverified,False,7 Weeks & 3 Days,review-audio,,9cdb62e971198df08403ff919274f180bff241cc18372cf33a2146e141ad7033
musicas/longos/fornecidas/A1 - It_s just a burning memory.mp3,music,212.26,unverified,False,A1 - It_s just a burning memory,review-audio,,820357d57bc9ae8648530440d283bf85236534a29acf82e18e4e944b3f9bf425
musicas/curtos/fornecidas/a1-it-s-just-a-burning-memory-short.mp3,music,48.02,unverified,False,A1 - It_s just a burning memory,review-audio,,f1e75e9c3e0bfc9720681235033b32cc23e009aae16bc1f50c108e4e2dfd77f4
musicas/longos/fornecidas/Elevator Music (MAIN SOUND).mp3,music,189.84,unverified,False,Elevator Music (MAIN SOUND),review-audio,,7d9ed8720f2e101b410972d66d110834d2cfddcc3b958f46d0bfed18188749b4
musicas/curtos/fornecidas/elevator-music-main-sound-short.mp3,music,48.02,unverified,False,Elevator Music (MAIN SOUND),review-audio,,fe8bcf72bf967b0251cfb5f66e6ba282f521c7e888488580f7b9a6316fbc04be
musicas/longos/fornecidas/Furniture Lament.mp3,music,258.29,unverified,False,Furniture Lament,review-audio,,4c752a8682331aac1307c3167a770bd4c723ec0614605e130da87c1cb061173f
musicas/curtos/fornecidas/furniture-lament-short.mp3,music,48.02,unverified,False,Furniture Lament,review-audio,,8948950f67af89f219dc6fb0bdaea9a7c4232f20d61164867c67fd3683031fff
musicas/longos/fornecidas/instupendo - comfort chain.mp3,music,182.78,unverified,False,instupendo - comfort chain,review-audio,,1e2ea3f298a8d2b4a4f496d39c932eea5b1e6d0d3e790e41a6ed174fa45b3d9d
musicas/curtos/fornecidas/instupendo-comfort-chain-short.mp3,music,48.02,unverified,False,instupendo - comfort chain,review-audio,,e832cfdebadce9040aacec707dd32b1115d4370cae377d1dd6cf6cc7af7417d5
musicas/longos/fornecidas/Instupendo - Six Forty Seven.mp3,music,122.02,unverified,False,Instupendo - Six Forty Seven,review-audio,,979d6ebefad50ed583d9cfd343d6a0948a35e15966f4f39acbcc4f602cb1f1fa
musicas/curtos/fornecidas/instupendo-six-forty-seven-short.mp3,music,48.02,unverified,False,Instupendo - Six Forty Seven,review-audio,,27c29703d913b8446d47da69a4d44f1744a1d70455a6adb1f84c7d13188ed7fa
musicas/longos/fornecidas/Mild High Club - Homage (Lyrics).mp3,music,239.42,unverified,False,Mild High Club - Homage (Lyrics),review-audio,,485d80591aa11e2656faf41a0f1feb91165f515f708a4d4cf4168341f37d8458
musicas/curtos/fornecidas/mild-high-club-homage-lyrics-short.mp3,music,48.02,unverified,False,Mild High Club - Homage (Lyrics),review-audio,,aca58daab4a2baec70c2a64e75b90ea4bf1ab92274d02526f4b1e46fa3232b6a
musicas/longos/fornecidas/Molina - Hey Kids (feat. Late Verlane).mp3,music,233.16,unverified,False,Molina - Hey Kids (feat. Late Verlane),review-audio,,c7071a3d1ae14c28a1b84da61f4a9245350eb4598d3250d0fbca649e20d9dcd9
musicas/curtos/fornecidas/molina-hey-kids-feat-late-verlane-short.mp3,music,48.02,unverified,False,Molina - Hey Kids (feat. Late Verlane),review-audio,,d9b2b04902ee964d467b39bb2d449844930e6bc8675a32c6f3d9084744bdd4e7
musicas/longos/fornecidas/New Donk City (MAIN SOUND).mp3,music,900.96,unverified,False,New Donk City (MAIN SOUND),review-audio,,a5c204887f303482f187c6f3e951849937436f11033baebaffc5757578883ebe
musicas/curtos/fornecidas/new-donk-city-main-sound-short.mp3,music,48.02,unverified,False,New Donk City (MAIN SOUND),review-audio,,780db48b9ea42539c748121c64915a07b59e3a0c837651d6f502e3fac16cd6ab
musicas/longos/fornecidas/TEMPOREX - Numbers.mp3,music,128.04,unverified,False,TEMPOREX - Numbers,review-audio,,7b083617bf5f3341450ac4461c3da21a420a98219abd5cf713282caa18e75a43
musicas/curtos/fornecidas/temporex-numbers-short.mp3,music,48.02,unverified,False,TEMPOREX - Numbers,review-audio,,8d12d0ee94cd09fc2bb6819eb4b22377cf7cfd0d0e1e28b35d7d38edef6be2c4
musicas/longos/fornecidas/Wii Party Soundtrack (MAIN SOUND).mp3,music,152.42,unverified,False,Wii Party Soundtrack (MAIN SOUND),review-audio,,08ea3980924d7bfefdb1b559632210d6955f868fb5a2db6e12fcc527f2210cea
musicas/curtos/fornecidas/wii-party-soundtrack-main-sound-short.mp3,music,48.02,unverified,False,Wii Party Soundtrack (MAIN SOUND),review-audio,,7d624a9062876f97fd13e051c834239b97081dbf9370e4881942287005850fa3
